"","Effects","Costs"
"SoC",48.1326784826998,5674.50882509742
"Novel",48.7451190161252,14023.2086269496
