"","Costs","Effects"
"Treatment 1",720.936663538298,17.3926124280882
"Treatment 2",10786.9714599045,17.9949722266941
